<?xml version="1.0" encoding="UTF-8"?>
<project-private xmlns="http://www.netbeans.org/ns/project-private/1">
    <editor-bookmarks xmlns="http://www.netbeans.org/ns/editor-bookmarks/2" lastBookmarkId="0"/>
    <open-files xmlns="http://www.netbeans.org/ns/projectui-open-files/2">
        <group>
            <file>file:/Users/Atan/NetBeansProjects/WebDevFinalProject/web/cart.jsp</file>
            <file>file:/Users/Atan/NetBeansProjects/WebDevFinalProject/web/login.jsp</file>
            <file>file:/Users/Atan/NetBeansProjects/WebDevFinalProject/src/java/rahm/data/Item.java</file>
            <file>file:/Users/Atan/NetBeansProjects/WebDevFinalProject/web/confirmation.jsp</file>
            <file>file:/Users/Atan/NetBeansProjects/WebDevFinalProject/src/java/rahm/data/Cart.java</file>
            <file>file:/Users/Atan/NetBeansProjects/WebDevFinalProject/src/java/rahm/data/Order.java</file>
            <file>file:/Users/Atan/NetBeansProjects/WebDevFinalProject/src/java/rahm/data/FormData.java</file>
            <file>file:/Users/Atan/NetBeansProjects/WebDevFinalProject/web/index.jsp</file>
            <file>file:/Users/Atan/NetBeansProjects/WebDevFinalProject/src/java/rahm/data/Database.java</file>
            <file>file:/Users/Atan/NetBeansProjects/WebDevFinalProject/web/header.jsp</file>
            <file>file:/Users/Atan/NetBeansProjects/WebDevFinalProject/src/java/rahm/data/Orders.java</file>
            <file>file:/Users/Atan/NetBeansProjects/WebDevFinalProject/src/java/rahm/form/FormServlet.java</file>
            <file>file:/Users/Atan/NetBeansProjects/WebDevFinalProject/web/page2.jsp</file>
            <file>file:/Users/Atan/NetBeansProjects/WebDevFinalProject/src/java/rahm/form/CartServlet.java</file>
            <file>file:/Users/Atan/NetBeansProjects/WebDevFinalProject/web/main.css</file>
            <file>file:/Users/Atan/NetBeansProjects/WebDevFinalProject/web/checkout.jsp</file>
        </group>
    </open-files>
</project-private>
